Импортеры	 Стоимость импорта в 2004 г.	 Стоимость импорта в 2005 г.	 Стоимость импорта в 2006 г.	 Стоимость импорта в 2007 г.	 Стоимость импорта в 2008 г.	 Стоимость импорта в 2009 г.	 Стоимость импорта в 2010 г.	 Стоимость импорта в 2011 г.	 Стоимость импорта в 2012 г.	 Стоимость импорта в 2013 г.	 Стоимость импорта в 2014 г.	 Стоимость импорта в 2015 г.	 Стоимость импорта в 2016 г.	 Стоимость импорта в 2017 г.	 Стоимость импорта в 2018 г.	 Стоимость импорта в 2019 г.	 Стоимость импорта в 2020 г.	 Стоимость импорта в 2021 г.	 Стоимость импорта в 2022 г.	 Стоимость импорта в 2023 г.	
"Весь Мир"	94383270	104937564	137920178	158077961	161503122	110741560	143450964	172669972	157885032	158295452	168920462	159994621	151352279	174278469	196178563	177842182	163421752	233062400	277764241	231735617	
"Соединенные Штаты Америки"	12971163	15898312	19418646	18577935	17999351	12003361	14721255	16206445	15969678	15678772	17114460	17866316	18732153	23377819	24218718	22238106	19044666	28738897	36664809	28296236	
"Германия"	9331775	10238956	14410035	16700286	17912713	11370024	15678199	19256744	16775834	17123330	18210609	16943124	16559971	18139324	19739888	17403536	14951223	21125879	26760627	22890504	
"Китай"	4930810	5011554	6193593	6745159	6834935	8540303	8795536	9772493	9598255	8702562	8039030	6931158	5943351	6616621	6641146	5796670	8147556	12487371	11685868	12346734	
"Мексика"	2628657	2954133	3885447	4239447	4186459	2901032	4097597	5660897	5541451	4887999	5294781	5481743	5265643	5894078	7031407	6854823	5863134	8716737	11640040	9496241	
"Франция"	4705204	5010277	6538790	7608799	7511944	5283242	6398266	7959061	6772309	7015421	7221902	6504862	6305949	6882368	7541424	6964739	5910544	8307818	9683021	8523491	
"Италия"	4255571	4373871	6202861	7663883	6697987	3645505	5672986	7086548	5354479	5805560	6106084	5643248	5349692	6283843	7038608	6278906	5298038	8208363	10719142	8517993	
"Япония"	6597978	7187147	9507836	10054943	10614046	4998785	8040391	9220225	8276379	7679640	8844401	7964015	6936085	8273635	9350149	8015464	6550466	9628849	10649970	8209637	
"Республика Корея"	3175303	3718487	4877233	5293037	5443375	3439604	5160799	6059292	5551710	5726218	6229697	5997146	5421818	6461278	6958228	6296823	5755495	8458660	9753227	8199988	
"Нидерланды"	2678276	2885916	4594993	5418620	4972862	3236916	4082410	5469002	4869258	4865803	5819111	4874244	4474792	5164746	6001629	5313830	5014126	7775990	9085657	7535000	
"Индия"	446328	756654	1090209	1440152	1590317	1417460	2063534	2834980	3081740	3177639	3550913	3614442	3372277	4147450	5506678	4600309	3653533	5679251	7234174	6870735	
"Турция"	960582	1232036	1797133	2353479	2543704	1602482	2487744	3258885	2984940	3345876	3679082	3333532	2865841	3469055	3872390	3636636	3407698	6592853	7683146	6292568	
"Соединенное Королевство Великобритании и Северной Ирландии"	3438267	3732970	4629848	5482399	5296403	4046278	4461045	5371247	4394485	4787342	5254871	4899340	4651924	5118079	5520580	5126889	4265413	5411217	6760602	5965488	
"Малайзия"	1015681	1122847	1454281	1827996	2020271	1473996	2162274	2673137	2308834	2120317	2933538	2739435	2392747	2583315	3579147	3634424	4825519	3947713	4830873	5153129	
"Польша"	1453205	1726794	2443906	3156256	3216153	2130330	2827716	3777704	3161800	3545840	3752486	3608810	3584392	4171112	5154126	4388884	4534722	6479502	7327312	5130895	
"Канада"	2859300	3148759	3786873	3898251	3866118	2579992	3311260	3691226	3760852	3851725	4009247	3946353	3585258	3896680	4490540	4010061	3746460	4989621	6037431	5102222	
"Испания"	2273661	2394625	3265834	4209177	3665949	2146114	2633199	3050651	2606547	2749743	2996097	2880060	2976143	3502681	4077612	3899673	3610642	5091234	6271433	5024666	
"Австрия"	2060642	2052865	2715462	3396729	3383913	2231904	3175717	4005507	3522262	3361530	3387112	3157626	3030186	3512305	4071889	3731850	3247856	4591652	5803266	4786145	
"Таиланд"	1471851	1712973	2165618	2367145	2797459	1784944	2693721	3012007	3067095	3191288	3119513	3003747	2960959	3424023	3862578	3563469	3261836	5131779	5745021	4604463	
"Вьетнам"	371688	382667	550213	703944	786882	720176	1039730	1249205	1302230	1459256	1693916	2571530	2964987	3057973	4731601	3617560	3245068	4375922	5494522	3747170	
"Швейцария"	1340120	1439365	2058750	2534150	2612575	1904571	2356873	2889268	2616674	2743125	2976578	2707813	2622957	2974505	3288852	3054366	2691230	3486696	4240268	3686429	
"Чехия"	1124465	1240046	1717382	2195364	2391678	1555825	1984847	2461851	2163956	2254999	2509235	2508406	2362671	2671160	2971219	2636651	2367123	3375206	4053122	3635363	
"Бельгия"	2785097	3066052	3861461	4593694	4076256	2625536	3583575	4165205	3436062	3350740	3428031	3060755	2816078	3073406	3413171	3092549	2753355	3875697	4332528	3570496	
"Венгрия"	1207390	946650	1460047	1770248	1827888	1144143	1655529	2056111	1685911	1714539	1819440	1740299	1686108	2079158	2403620	2110237	1865616	2651371	3130318	2814853	
"Австралия"	625216	774945	866523	1065614	1237503	933425	1402924	1369567	1337846	1370938	1475413	1479685	1448172	1715966	2001785	1876679	1787794	2368531	2728704	2304299	
"Китайский Тайбэй"	1996791	1951609	2478958	2472586	2612220	1419449	2289924	2529225	2180470	2192513	2360291	2087948	1835627	2056361	2475874	2104321	2459092	2932259	3088186	2267213	
"Швеция"	1028976	1034923	1359873	1872666	1864819	1219753	1599097	1884542	1541559	1492171	1633873	1415037	1437405	1693728	1837062	1603993	1551216	2612548	2931112	2138527	
"Румыния"	274744	340946	483725	663205	758070	477137	635804	771844	759091	882544	982464	945493	927849	1089738	1231119	1125136	1098219	1541585	2132066	2036048	
"Индонезия"	484999	565918	674068	815055	1242958	862281	1359697	1895959	1916734	1777465	1656385	1468815	1420205	1874479	2172792	1891555	1415704	2086137	2416068	2000371	
"Бразилия"	422589	492283	625100	914255	1014388	664704	1232957	1711620	1379958	1375787	2043984	1735645	1308117	1393689	1943869	1931623	1693738	2757077	2560717	1902887	
"Дания"	870375	934639	1201047	1397763	1508455	888394	962038	1127877	1000462	1037737	1090494	1035301	1019143	1182325	1249602	1159449	1074307	1525097	1795185	1800618	
"Саудовская Аравия"	716208	836380	982960	1241162	1470875	1329608	1407278	1871047	2244961	2355590	2328736	2207291	1347269	1341828	1328813	1374357	1656125	1540560	1845420	1721740	
"Словакия"	344459	355771	464921	576111	617094	393194	594995	750097	683151	793813	852905	855159	898357	998465	1159571	1071746	1077864	1477807	1741777	1708218	
"Китай, Специальный административный район Гонконг"	1059171	987736	1139093	1134620	1111995	855722	1081120	1274126	1132756	1028952	936519	954985	810278	852344	911332	923784	838029	1798053	1853085	1653221	
"Греция"	588613	638079	823914	1123758	1001573	558816	835346	989417	803162	838586	907457	824537	829429	1068046	1290105	1042337	1004348	1562302	2096753	1582650	
"Словения"	427001	562773	734346	904553	896407	544608	795792	909143	785566	790422	861048	765511	756640	914548	1111413	1040796	998397	1566453	1781115	1496605	
"Норвегия"	1111088	1178868	1599150	2133350	1948977	1130759	1955206	2050037	1544653	1348345	1492664	970523	1040364	1268381	1415136	1087746	980264	1508685	1647835	1337317	
"Португалия"	769590	909614	1196767	1372476	1359619	832189	970840	915898	695222	658904	730098	710375	688761	823846	1022664	892547	833958	1229453	1458032	1314599	
"Объединенные Арабские Эмираты"		711376		1088274	1674152				1487810	1124905	1266591	1244895	1058158	1153540	1176099	1112217	1017375	1379747	1625935	1226808	
"Сингапур"	1033923	1271931	1998682	1781407	2129786	1870831	1321271	1745390	1389717	1229177	1255593	1338061	1135541	1086001	1212537	1281991	1391487	1286642	1603267	1147758	
"Марокко"	135516	171540	257452	307281	349612	277564	303030	417798	389389	423164	462719	414535	411155	470717	528685	572575	539253	808607	1056444	973273	
"Российская Федерация"	449268	484214	665858	934964	1342693	901556	1041058	1283661	1735377	1782398	1563226	997544	947421	1236794	1228444	1194182	1067356	1425577	906251	887608	
"Хорватия"	247140	302639	389381	459749	477957	296535	348853	418970	354650	360755	362728	291156	364485	468446	552966	564814	572932	820441	954248	849503	
"Ирландия"	357171	420639	490339	630156	629835	426531	362816	433966	396800	412053	429178	325321	323095	355909	426352	464593	424531	494688	629012	837307	
"Болгария"	198496	237481	400230	523297	503662	334981	391318	461617	415397	441104	438389	453969	435355	523879	594881	532909	483293	755350	972149	834101	
"Сербия"			340594	467816	477416	252579	323447	417253	382827	397049	399804	380543	376048	461640	518757	506201	506616	736052	864632	811984	
"Израиль"	285291	325782	423937	530673	499823	323409	434620	516283	465949	536539	561304	523773	519837	572642	647106	644290	680154	946395	1104269	802768	
"Финляндия"	366220	407150	531972	687208	681969	427099	530182	626456	540228	544068	545245	491488	477718	529968	613524	552124	512979	723341	933452	713128	
"Египет"	33191	44487	52450	80892	254883	196162	255485	280239	317643	399538	342725	452066	388986	362610	658101	693784	672813	808221	919216	699916	
"Южная Африка"	126089	163271	205996	243433	264591	184943	388712	523329	496561	530057	561240	620588	563021	626977	700959	611470	467584	703743	726713	633940	
"Камбоджа"	16373	19706	29009	33661	44292	41043	53325	82566	101239	113411	123527	136230	160621	223487	269938	371652	394988	535631	780324	615172	
"Бангладеш"	74264	75292	85296	106813	119270	117971	136479	182980	192309	223463		262474	308858	388678	445062	423932	375688	524262	665721	566537	
"Алжир"	145942	134243	173376	211561	283114	258833	287899	359007	407919	445269	490822	513695	520133	489892	540539	430720	408085	409483	483350	549006	
"Филиппины"	189177	202683	218537	231420	239873	182861	236866	382111	349803	317308	381595	426652	456507	491179	520150	485229	343379	508863	553537	544959	
"Ирак"											405292	393706	344454	365146	395708	486569	524115	641387	882623	533302	
"Колумбия"	175926	216748	328872	347263	318131	203042	275406	317482	367910	374062	417633	404565	369488	407577	444858	383214	349335	522865	721595	514542	
"Люксембург"	328365	432617	608029	671335	645604	344839	512712	615832	539846	511288	545843	468333	422030	522647	577322	479505	418278	645205	737406	509855	
"Босния и Герцеговина"	51153	73054	98793	157766	169672	124594	133127	164847	150336	149289	160003	129570	110585	169776	221919	235923	217014	510201	840719	485624	
"Чили"	177997	195301	252784	303770	354064	285912	350713	391640	415553	406514	408739	430188	415643	391344	435766	425223	398350	632847	658736	469213	
"Аргентина"	97753	124343	171368	206748	258552	194873	294445	358336	313969	334258	321704	286579	268071	345396	403777	316827	303696	420741	488706	419765	
"Литва"	59109	79703	103674	144643	143625	74598	92233	117453	124379	162653	181777	172286	184166	212718	273032	261467	288989	361318	420882	380661	
"Новая Зеландия"	187456	209169	221031	268191	273171	179427	231630	335040	262096	226786	230109	212761	238068	256925	276901	263338	252037	412861	487308	377740	
"Украина"	176929	223063	274303	373381	477699	279130	375836	490385	490673	471904	364029	255011	274032	368634	396711	401865	376396	511245	339755	367050	
"Тунис"	72331	82147	98916	123480	160628	146816	180344	215297	210818	219078	236818	207218	208236	242632	276190	259880	214975	263276	362123	332731	
"Казахстан"	95458	120528	205922	285248	311747	161915	124762	189221	202796	242018	230694	224784	216306	237523	272292	299383	311414	353726	406879	330625	
"Пакистан"	128244	179638	208466	245195	184698	196398	215376	205221	194033	195085	249131	304137	339727	373671	375703	344072	356369	384887	499641	324801	
"Доминиканская Республика"	34508	50609	110266	91642	103406	73836	75309	104504	88454	106986	111071	129415	140867	131703	170115	170304	170189	271022	338901	315235	
"Узбекистан"														115181	169843	227721	245351	302096	465662	266869	
"Перу"	42665	52674	67601	111828	127657	113154	168849	215803	252694	195734	200834	246183	165939	169848	190440	206374	206536	276913	320504	255289	
"Гватемала"	74447	89809	97007	127895	125501	98887	115995	145108	146805	171006	181750	202733	179767	159783	177379	188864	161908	238242	330681	255190	
"Эстония"	86745	98515	139399	164245	212719	95344	114801	147634	144272	158599	166047	137516	143932	159708	197535	198768	202218	253893	278793	235473	
"Иордания"	102591	126869	194008	208390	231624	177903	177950	217297	198194	223631	208294	209086	168288	168935	198214	190278	160524	201198	270529	226660	
"Нигерия"			455695	666892	395747	454782	364316	590494	532009	548947	506869	354705	286446	212602	198540	228943	340188	342175	326770	222591	
"Бахрейн"	63699	66492	52789	70110	121018	96504	102445	154141	142163	199001	186836	335947	192886	395118	349051	315231	124052	139481	257877	195035	
"Объединенная Республика Танзания"	12714	15237	19918	37491	81011	34171	40782	48358	46508	52821	125278	61889	48686	42887	61253	77248	87031	95366	143213	180508	
"Парагвай"	16811	19280	24393	23774	35024	37062	51679	53261	81844	73089	92509	97277	89436	106376	105458	104487	110370	187035	248506	168832	
"Эквадор"	53595	59765	80175	95439	107301	87927	109950	129216	129250	141933	138977	117480	132506	120870	119876	111883	92071	152733	167039	167556	
"Коста-Рика"	93434	80938	100539	130469	127934	60114	88955	138441	130053	128964	142474	168154	116694	134709	129674	126996	106041	153158	197833	162841	
"Кувейт"	158723		225663	246486	258356	201172	209019	277560	217312	264984	301136	353642	268280	264846	649015	303699	237709	314064	433203	160592	
"Ливия"				36567	59743	106036	143881					118830	62290	39965	87250	95680	85574	125521	140100	158353	
"Северная Македония"	22133	26260	40267	55187	60183	40648	41410	54866	46358	47817	51312	47723	51975	61023	76070	80121	74412	116172	162018	154919	
"Латвия"	78269	64963	74216	90463	98721	69230	78018	98483	99280	115855	106240	92919	86269	101539	118315	111965	96016	148456	157844	150383	
"Азербайджан"	10828	13141	16882	42615	28056	37695	46298	57277	51413	43212	56615	70919	71836	71542	86716	93029	92790	114100	170661	139540	
"Армения"	5801	8877	30331	62383	83064	119595	115739	101092	90796	79748	87457	85437	73614	93990	95906	107973	102001	117297	165242	138625	
"Албания"	38706	52111	63936	80974	93010	73642	67463	72776	63025	65761	70894	62923	61482	79603	88161	84774	80384	138696	174295	137606	
"Панама"	32759	40593	74576	88930	116676	95382	128673	130218	138436	140113	154841	154695	150828	143533	149462	130261	78236	134662	155385	136999	
"Грузия"	4769	11253	21851	31273	40428	21305	31175	56391	63381	43267	55484	45112	51045	59501	66300	69834	64296	91004	126312	136621	
"Сальвадор"	49835	54050	66010	84307	89192	57032	69029	81882	80839	81290	80175	86015	81690	90101	99467	89166	77025	116230	146001	135965	
"Исландия"	51554	84976	127031	79377	77126	39038	74693	118457	84022	99991	111028	90331	96700	131522	140207	137498	106933	154012	165423	131875	
"Катар"	46453	83348	147113	177320	248890	355303	423183	301526	251214	236045	228219	234101		186373	187674	149075	152886	177116	208788	123480	
"Иран (Исламская Республика)"	275986	364798	72954	675254	549869	557759	597455	474987	391821	285354	348515	305595	272794	336142	251123	289992	297446	346458	409180	118358	
"Мьянма"							18366	44060	52577	73747	117303	149684	130254	107790	121969	124264	129242	101459	129764	113899	
"Камерун"	12232	16204	14084	19197	23348	22434	24170	35957	22477	22084	36498	27416	39816	30135	28017	51740	27034	36807	78867	111773	
"Кения"	37820	47288	69062	101301	90938	79840	77852	138033	123028	131864	145695	120263	157888	137723	150964	125970	110500	119706	135158	111252	
"Непал"						34772	33809	41349	45243	54842	62814	73278	76466	89835	111374	111326	93112	122312	114037	102593	
"Шри-Ланка"	49052	84669	81637	52358	59534	51825	61029	80656	81687	114867	98947	86499	104689	111932		146362	102849	172758	127218	101633	
"Черногория"			20138	35516	50572	31384	26784	26792	25833	26387	26815	23267	29853	25463	29808	33075	25964	39380	165095	100234	
"Оман"	95284	109479	138481	207309	235541	177135	169232	171743	228786	247396	222456	197727	205143	298101	253986	242589	242198	262297	296618	98538	
"Ливан"	81284	95252	101804	118551	133308	117046	148951	158086	163988	202649	205335	201717	176014	194795	180753	138470	65340	82998	101506	96512	
"Боливия (Многонациональное Государство)"	14857	19483	20784	25940	36574	27626	28092	38030	40200	61160	55719	60387	73511	71481	79289	96978	76710	95004	89925	92916	
"Ангола"	59208	65313	67575	79109		155403	107888	114409	205163	149038	131301	94092	53715	113364	90659	98935	41601	50565	87287	87486	
"Гондурас"	34087	39622	54707	60579	66064	46424	51050	66984	63082	59994	57058	69821	58792	60674	67290	60979	55251	76128		87110	
"Эфиопия"	17405	25826	22908	41764	56906	48530	32749	41641	79833	71002	206539	273501	175022	147439	104983	108720	154041	115984	91717	85542	
"Кипр"	64959	66373	87476	102198	111826	75486	80213	73961	57854	41346	37884	33068	33569	48909	61752	60465	66141	86469	112102	85113	
"Уругвай"	19122	23130	29219	32647	38105	31182	46328	55379	50256	55444	52211	50579	41146	52307	66710	55229	53946	73466	73973	82773	
"Гана"	46864	62318	39879	93764	74025	54579	84344	110791	123728	132658	110965	104459	120840	125597	121423	81503		113133	101208	81934	
"Туркменистан"	10833	13492	21238	16941	27673	50317	47340	106651	85978	97851	115662	104142	90661	48443	18178	30105	53248	63267	51945	71764	
"Кот-д'Ивуар"	19055	19385	20465	31356	31593	28870	24188	20872	35000	49377	41046	61185	48594	49646	121765	83098	58623	63273	89207	69200	
"Кыргызстан"	7109	4583	8240	13716	13302	8764	10881	9899	32952	52501	29822	20970	16318	34377	21892	24431	27618	40903	67000	68385	
"Гвинея"	3976	3425	3161	3786	4965	4508	4634	5758	5648	8950	11019	8245	8691	27482	32990	38021	49988	55235	63777	64628	
"Сенегал"	14040	13129	15511	18613	25677	23825	14076	15882	23966	27367	31108	27782	30203	53547	48999	81539	52367	56699	68580	64597	
"Замбия"	9350	11010	10006	16978	14811	10986	19322	30364	23063	60106	66744	44770	25053	25710	39134	44804	30647	47141	42834	62186	
"Беларусь"	196618	140793	208398	260759	305424	195289	264071	319333	348806	377599	355331	266767	273258	345413	362992	356675	333243	500903	73310	61784	
"Папуа-Новая Гвинея"	15367							55678	66905							79536	49937	78021	74035	57984	
"Ямайка"	25455	36405	28068	35314	34862	25579	24134	26722	22602	26227	23529	28970	30231	32967	38247	39641	37363	44881	57081	57231	
"Маврикий"	17834	20498	23700	30242	36399	32060	34054	41627	62361	47183	44089	38505	38064	43404	53302	54598	49243	70952	83259	56937	
"Лаосская Народно-Демократическая Республика"							4889	10389	10626	10940	15458	17212	21245	18404	18986	21176	22984	31497	61416	56147	
"Китай, Специальный административный район Макао"	17025	5492	29489	17939	33115	16617	8642	10425	8741	8483	20254	44612	21896	13625	12278	16966	14535	12958	17898	56005	
"Мальта"	21547	21327	25134	30883	35889	27256	28687	29207	24922	26331	26839	21181	24802	23016	24502	27353	27547	36520	50048	55002	
"Государство Палестина"				31742	36515	33066	36666	46122	42123	55698	62437	63583	57568	66449	80639	82972	84628	123224	148191	53784	
"Куба"	60942	105191	120344										108405	102636	108976	106226	58076	52653	58447	53631	
"Багамские Острова"	27806	44179	53435	47777	40515	40506	34984	38170	42737	52933	49778	37057	42443	56654	45042	49748	30502	39605	60000	53101	
"Демократическая Республика Конго"												21066	17756	14130	13373	13504	14604	23080	49157	52440	
"Венесуэла (Боливарианская Республика)"	82649	109346	118173	190289	195985	145220	124886	258170	231324	181754	161631	144666	61839	27909	19915	21959	15171	26218	59589	51548	
"Внешние малые острова Соединенных Штатов"	4102	3956	4372	6054	5299	4445	4283	5870	5098	3811	5589	5012	5258	4562	7888	6415	4285	4342	57959	51056	
"Никарагуа"	12029	11699	15803	20668	20204	18212	22286	28107	32793	40594	38509	40014	39667	47790	37231	36813	35627	53187	57998	48954	
"Уганда"	10704	10392	12104	15657	18337	17877	21525	29783	27629	24938	28723	21275	18488	27755	28396	27937	34848	40605	44158	48399	
"Тринидад и Тобаго"	28770	32019	39000	57008	53880	41643	38153	38685	44539	42958	44705	48959	45292	41266	40888	40862	35450	38373	51265	45999	
"Мозамбик"	5536	10014	6458	8424	11437	13124	13753	694864	576044	517166	575431	518914	139309	505087	476353	93404	44262	51588	37546	42504	
"Йемен"	29464	76606	27053	40371	44780	40315	38916	34414	45580	59688	63264	23679	34713	36865	64167	92632	107112	121912	115325	40961	
"Республика Молдова"	11390	23263	33530	47589	41220	20171	23377	30084	27464	29626	28242	22978	20928	26352	31477	33137	31030	39938	45891	40086	
"Монголия"	2306	1835	1301	9437			10845	18704	23763	28640	33578	48755	16096	22058	37626	24772	23748	29107	43638	39066	
"Афганистан"					11095	6953	12576	17004	65154	72893	32743	19807	28854	114727	24066	53720	62181	61164	69966	37545	
"Зимбабве"	9627	6408	4408	4726	2723	6901	12237	16484	19118	12918	18053	19544	17728	18013	28026	14351	26457	39066	39124	34721	
"Мальдивские Острова"	2724	4863	4058	4982	6701	3710	4283	7784	9818	7238	8513	10901	20111	21626	31473	42888	16686	25023	25390	34530	
"Таджикистан"											9804	7529	9858	12758	14395	11115	13258	23277	35628	31506	
"Буркина-Фасо"	4023	4704	3632	4916	5177	6208	5877	8333	6066	11158	8358	5187	6983	8406	8518	9921	9534	13588	20223	29629	
"Ботсвана"	13714	12654	14618	15246	18853	15886	23440	27149	19811	20287	19946	18899	22933	22126	19244	35693	21104	28766	31135	29061	
"Конго"				11588	8887	10936	8497	17018	18838	19592	30126	29521	24491	20169	27151	11139	8808	13085	11851	27563	
"Того"	1535	1013		1769	2939	2716	4540	3842	3938	7225	6371	33571	17301	14805	15604	17152	16808	26904	26725	26370	
"Намибия"	8646	13236	15982	17796	36076	45396	29357	26485	39816	30482	34641	38933	49050	32531	28409	28121	19165	37809	42055	25755	
"Сирийская Арабская Республика"	402567	101651	162142	237992	269390	202819	207174	160540	85053	35940	41790	48027	38532	46421	58820	47729	34696	36721	29846	24312	
"Фиджи"	7798	9241	10480	13925	11720	11411	10516	11971	12307	12983	16918	15770	17423	16776	19413	16489	14350	13182	22476	23586	
"Кайман острова"																	13783	22171	26345	22446	
"Нигер"	467	1080	859	895	429	1354	2893	2465	2057	6104	2401	6304	4374	9361	8982	24193	8860	5324	10378	22242	
"Габон"	11893	15814	15276	22952	22624	20309	21031	33039	22430	23226	22525	23319	29708	16396	18107	17305	15563	21551	21615	22173	
"Мали"	5329	3594	6079	8712	11278		16295	9120	6593				10273	12656	20141	14072	24572	23805	15008	20531	
"Сомали"	611	7864	1761	3582	2549	2428	3020	2598	8140	7517	8324	12105	12678	10827	15230	16290	16589	21346	29030	20030	
"Руанда"	3488	3303	5042	4307	10077	8358	9719	13553	10161	15126	18583	17494	18942	25584	18270	25211	27061	23518	21171	19025	
"Британские Виргинские острова"	47654	27477	26869	9114	15664	4271	13369	12966	9013	4829	6904	7079	6791	9774	24109	16165	10852	17569	22135	18486	
"Барбадос"	10943	11373	14216	13269	13237	10994	9648	12148	11372	12026	11976	12386	11577	12107	11628	11808	12888	15638	26738	17896	
"Новая Каледония"	16135	18624	24734	20508	24942	21935	25052	26132	24776	22249	24021	23293	17997	16866	17340	15574	15375	17786	18363	17830	
"Мадагаскар"	5732	6686	6479	9009	15039	8772	9773	8783	7392	7230	10129	10470	11235	13842	18049	16681	13592	13695	15407	16992	
"Андорра"	10965		12995	15097	14176	10406	9261	8692	7902	6259	7081	6394	6743	7620	8072	9138	7901	10222	15870	16820	
"Малави"	2661	2456	3003	2703	4297	9049	6500	8538	11713	6602	9473	5206	12381	9339	8382	10990	13218	8698	4629	16626	
"Судан"									40985	45110	49404	56810	55146	54487	44383	51732	48575	44039	53931	16034	
"Джибути"						3656												7290	9296	15925	
"Аруба"		9772	14229	13364	11173	10126	9530	9935	11922	10130	8833	12365	14056	11178	7599	11007	9283	10059	14729	15717	
"Острова Теркс и Кайкос"	5958							2958	3042	1836	3317	2429	3511	5610	8001	6341	8233	7654	11650	15546	
"Французская Полинезия"	15989	18182	14939	17893	19388	16503	18067	15731	16647	17208	15303	14688	14183	16060	18490	18533	15655	20061	24298	15328	
"Бенин"	2680	3166	3296	5276	3913	3545	3998	5864	5240	6535	6856	8810	7050	10156	11156	10846	14464	22952	27719	15285	
"Мавритания"	322	778		1143	778	635	722	1672	2003	1906	1615	3211	3407	6027	4213	17707	13838	2869	12663	15074	
"Суринам"	4171	5913		7634		9194	9848	10430	11449	12144	18609	9010	12188	7946	6028	7067	8028	8939	13653	14960	
"Сейшельские Острова"	2288	2934	3548		5453	22507	10739	5030	6551	4522	4579	5781	5944	16727	7544	7042	6352	6269	10065	14569	
"Бруней-Даруссалам"	9573	8797	12576	13696	18233	18476	19232	19513	27846	28143	23361	27822	19594	18601	37746	18992	12077	15316	18090	14226	
"Сьерра-Леоне"											6614	2132	3647	2917	4185	12702	9418	18809	21233	14218	
"Кюрасао"														11465	13415	10725	8721	10831	14022	14139	
"Гайана"	2346	4658	2877	4002	6376	5074	5272	5274	5751	7170	5139	6743	5213	7621	7847	7902	10950	9025	13171	13759	
"Белиз"	2274	2308	4187	3866	3987	3467	3341	2964	2987	3868	5055	5455	7673	7074	7394	9803	8151	10856	16521	13467	
"Зоны Свободной Торговли"	40630	61114	93929	114316	114377	63862	55073	63405	86191	35910	32080	88492	98533	93009	108421	15229	8708	9493	4821	13330	
"Либерия"														5810	5842	7482	4704	8697	12029	11480	
"Соломоновы Острова"	1053	1260	2610	4119	4826	2428	5959	7551	5973	6569	6811	6500	5475	3603	5946	3870	4615	6592	6249	11279	
"Бутан"		3198	1453	2309	2189	3783	6391	4930	6457				6030	6993	3455	4206	4261	9050	10275	11051	
"Антигуа и Барбуда"		5145		7169		4975	2954	3149	3004	3850	3831	3403	5900	5735	6894	8507	6477	6295	8415	10727	
"Гаити"										12501	13035	13209	13314	11770	14225	11113	11031	23630	13944	9794	
"Экваториальная Гвинея"	3475	2986	5496	9258	38882	9945	20054	25559	18601	29388	34270	20739	19983	11450	8695	7325	8910	8323	15711	9461	
"Суда и бункеры"	5088	1730	2274	3096	5316	2548	2947	2362	11281	1817	1739	1201	1553	2789	14979	9344	4256	3469	5302	9130	
"Лесото"		1069	1590	3438	1591	1690	2887	4127	4304	3775	2972	5011	5178	6848	3597	4519	6115	6378	8581	8128	
"Эсватини"	7118	5187	3144	3596	2852	3854	5864	5367	3709	4517	6804	5720	7658	8912	7816	7166	5870	7660	6729	7597	
"Гренландия"	2134	4792	11256	7706	8318	7081	7285	6590	6211	6905	5291	4514	4929	5157	5726	5347	6486	6648	7003	7523	
"Бермудские острова"									8066	6086	5281	5361	5005	5227	8592	8991	5901	5689	6884	7307	
"Британская территория в Индийском океане"	1	45			369	3	157	65	510	23	26	17	186	262	179	277	314	3361	8275	7148	
"Фарерские острова"	4420	4557	6112	7720	7120	5542	4259	4275	5186	6040	6629	6488	7562	7539	8628	8509	7457	7330	6764	6638	
"Кабо-Верде"	2908	4029	4476	5803	7658	6595	7850	6051	4873	4482	6751	4237	5674	6741	7883	9844	6746	5342	5078	5934	
"Гибралтар"	3986	5798	5198	10000	13236	8690	5115	5371	2121	2709	4277	6940	5846	4860	6499	6999	4096	3973	7205	5779	
"Центральноафриканская Республика"			10	2723	2725	2824	3296	3974	2060	1189	2411	2439	4414	2744	2297	5888	2396	3660	3060	5543	
"Гренада"	2974	6641	5955	5434	3636		2501	2467	1816	2982	2272	2647	2003	4284	6761	6036	2886	5162	5341	5352	
"Южный Судан"									1264	1649	4012	1547	1257	1239	1219	1574	1690	1175	3912	4549	
"Сент-Люсия"	2041	2094	4880	3314	4352				4662	3489	3867	4143	5504	5516	4315	5029	3345	3449	5744	4501	
"Сент-Винсент и Гренадины"	2294	2914	3315	3616	2824	2847	3736	3121	4729	3692	2292	3113	3119	2932	3284	2944	2868	2880	4262	4225	
"Коморские Острова"	477	755		554	660	808	786	829	909	846	1010	913	833	925	1201	1041	892	1676	1646	4034	
"Гамбия"	580	1560	606	1870	2495	2402	2403	1623	2632	512	1432	2252	1145	995	739	1072	2404	1370	6558	3861	
"Синт-Мартен (нидерландская часть)"								1529	1257	2001	1968	712	900	2685	4862	2437	2044	3245	2126	3656	
"Тимор-Лешти"	509	274								1265				1825	1041	1905	1584	1802	3727	3590	
"Корейская Народно-Демократическая Республика"	9068	15514	25157	24569	16145	18651	20080	40895	29636	26727	26998	29024	25622	27602	807	765	245	1231	1243	3289	
"Доминика"	1710	1942	1628	2375	1942	2086	2041	1589	2179	1529			2028	2006	4738	7346	3333	2912	2380	3284	
"Самоа"	2282	2547	2545	2349	2080	1650	3973	2402	2636	3134	3026	4297	3772	3223	2885	3815	2699	2522	2129	3060	
"Чад"	862	1482	2267	1709	3080	3116	6216	3612	3510	13770	11581	8527	5243	2197	3645	4426	3411	2923	3875	2912	
"Тонга"					1289	1126	1381	1501	1182	1124	1308			1931	1374	2307	1978	2104	2084	2856	
"Вануату"			1703	1895		2219	2164	2324	1861	1323	1497	3481	2884	2052	1952	2044	1435	2282	2626	2831	
"Бурунди"	1138	775	1262	2929	1419	850	1085	3356	3307	2206	1840	3332	1329	1784	1685	2856	4137	3970	2674	2785	
"Сент-Китс и Невис"	2006	2624	3633	3694	2999	3131	3108	3840	2256	2425	2535	3454	4592	4314	3362	2948	2446	2609	3608	2761	
"Бонайре, Синт-Эстатиус и Саба"									3	1018	787	1441	1390	2717	4228	4265	3797	1752	2099	2638	
"Гуам"										1		75	2	74	113	30	4	191	215	2517	
"Маршалловы Острова"	482	1220	1115	1213	1307	1115	1553	1862	1309	1358	761	1714	2203	3685	927	1497	3581	2029	1490	2453	
"Эритрея"	1972	1563	1826	1662	1473	1942	1538	3498	2233	1677	5180	1268	2209	1423	1937	946	255	868	543	2292	
"Гвинея-Бисау"	147	104								148	178	413	492	424	326	1290	1685	1927	4018	2245	
"Острова Кука"		1080	951	1292	893	1435	837	1029	778	987	1345	986	1246	2015	2093	1685	1069	1089	925	1488	
"остров Рождества"	133	509	425	130	199	112	1201	516	426	675	589	230	150	273	136	198	277	946	513	1430	
"Ангилья"	617	259	279	1005	1436	1130	386	976	1296	387	1206	1404	1134	1076	2725	1050	512	2128	1225	1193	
"Палау"									626		853	1286	972	1479	976	844	1439	505	1066	1009	
"Сан-Томе и Принсипи"	294	191	655	665	975	588	768	669	725	1067	1154	1596	1687	1101	1482	796	789	1071	1107	715	
"Монтсеррат"	481	601	407	418	564	532			454	605	431	2056	640	372	870	799	357		702	709	
"Микронезия (Федеративные Штаты)"	643	717	1019	701	673	1003	703	732	1412	827	419	698	414	541	451	314	580	497	1005	686	
"Сен-Пьер и Микелон"	201	325	382	358	277	325	288	229	354	275	461	628	288	515	299	507	381	627	869	574	
"Кокосовых (Килинг) островов"	112	131	85	119	132	61	242	383	93	95	86	83	64	223	74	114	69	272	161	539	
"Кирибати"		495		212	168	300	202	241	392	299	366	331	364	501	457		838	383	275	534	
"Тувалу"	111	12	14	28	67	56	23	73	41	156	566	230	245	139	182	359	95	140	392	520	
"Науру"	62	128	67	345	19	36	28	13	61	260	148	758	275	358	314	136	372	396	347	447	
"Северные Марианские острова"	23	96	10380	61	123	72	40	73	33	93	69	298	99	206	157	678	369	82	70	383	
"Американское Самоа"									4	1	3	49	59	21	43	77	14	47	7	331	
"Фолклендские (Мальвинские) острова"	409	167	36	34	27	389	2414	148	325	1990	747	602	426	1134	304	283	248	666	512	249	
"Остров Святой Елены"	325	751	731	146	200	154	156	190	1144	1498	210	310	261	293	181	73	62	376	181	187	
"Острова Уоллис и Футуна"	270	293	286	368	786	254	380	391	431	415	352	475	143	97	144	185	180	119	155	174	
"Южные земли (французская заморская территория)"	28	64	100	328	292	434	377	382	104	52	164	33	72	66	212	132	64	34	68	132	
"Ниуэ"	207	205	119	64	335	4342	63	122	132	79	100	89	184	178	200	95	64	127	48	117	
"Остров Норфолк"	155	89	69	251	375	366	375	279	538	158	176	130	197	132	123	134	188	159	334	101	
"Питкэрн"	53	19		67	28	4		234	5	2	1	5		316		167		62	96	89	
"Токелау"	489	449	483	405	2712	150	39	39	88	77	4		12	24	44	70	146	10	16	29	
"Западная Сахара"						9												1		1	
"Судан (до 2012)"	18286	31379	42608	70586	87794	80728	76350	62141													
"Сербия и Черногория"	175081	164327	58862																		
"Нидерландские Антильские Острова"		9263	11427	12577	12955	29022	10765														
"Остров Майотта"	1682	1563	2115	2745	4174	3472	3191	2136	2695	4487											
"Остров Буве"				7																	
