Партнеры	Баланс в Стоимость в 2004 г.	Баланс в Стоимость в 2005 г.	Баланс в Стоимость в 2006 г.	Баланс в Стоимость в 2007 г.	Баланс в Стоимость в 2008 г.	Баланс в Стоимость в 2009 г.	Баланс в Стоимость в 2010 г.	Баланс в Стоимость в 2011 г.	Баланс в Стоимость в 2012 г.	Баланс в Стоимость в 2013 г.	Баланс в Стоимость в 2014 г.	Баланс в Стоимость в 2015 г.	Баланс в Стоимость в 2016 г.	Баланс в Стоимость в 2017 г.	Баланс в Стоимость в 2018 г.	Баланс в Стоимость в 2019 г.	Баланс в Стоимость в 2020 г.	Баланс в Стоимость в 2021 г.	Баланс в Стоимость в 2022 г.	Баланс в Стоимость в 2023 г.	 Стоимость Экспорта в 2023 г.	 Стоимость Импорта в 2023 г.	
"Весь Мир"	-2020651	-835984	35576	-1016495	3197456	2093738	1531898	1175661	-2898	3676944	3564333	2783129	4344569	-1849879	-3192136	-1309158	2350621	6458000	2097206	8015123	239750740	231735617	
"Китай"	244486	1097548	3083673	4829870	7389736	958218	5735365	8876092	9043049	11336703	14576440	16888775	15371818	16025801	20436136	20281107	16442292	22224518	30423139	22630996	34977730	12346734	
"Канада"	3886919	4735153	6959568	7499195	7163050	4034333	5609788	6230606	4820308	4633219	4841857	4285419	4498566	5923357	5517122	4311358	4601259	7193597	8106032	7503898	12606120	5102222	
"Российская Федерация"	4389361	4987309	6368340	7212359	7310713	4889651	5627917	6456190	5526911	5342186	4762131	5883448	5032681	5436524	5327075	4644841	4396305	7241861	9389404	7458857	8346465	887608	
"Объединенные Арабские Эмираты"		40444		-306377	-989916				585926	1029013	2974191	4045484	4023746	5052869	5203876	4427109	3429362	6769752	6653465	6400429	7627237	1226808	
"Бахрейн"	881890	1277778	1404231	1277983	1653276	1053014	1665725	1998894	2043309	3012205	2520561	1856670	1610133	1640730	1720782	1733313	2668656	4349223	6611423	4560239	4755274	195035	
"Норвегия"	2549404	2769519	3667607	4075916	3956435	2485554	2614397	3096936	2802092	2614333	2729306	2550309	2167943	2731991	2774215	2592433	2346543	3705095	4788771	3507085	4844402	1337317	
"Исландия"	478547	491286	690635	1184557	2027906	1368884	1835887	2004399	1797731	1769313	1830748	1801138	1495604	1869319	2105817	1664564	1505875	2177229	2908182	2297059	2428934	131875	
"Австралия"	2549408	2878282	3931968	4239175	3983917	2535028	3055237	3903731	3231432	2842781	2697613	2063886	1439901	1430252	1852154	1420995	1270554	2314327	2404218	2137822	4442121	2304299	
"Катар"	-42546	-72852	-138232	-166454	-242050	-344411	-25887	794473	2364531	2325635	2717667	1563576		1216192	1204032	1208920	1057233	1501034	1930902	1705743	1829223	123480	
"Южная Африка"	1342269	1575997	1976457	2080077	1935264	1354717	1643393	1775956	1311871	1403614	1344726	973372	957564	1143736	1341999	1156281	1142963	1177032	1280545	1622326	2256266	633940	
"Мозамбик"	909927	1012492	1397241	1508987	1441088	-12689	1146293	930863	513308	547137	838330	555554	750016	693944	820122	968414	1015724	1076733	1845402	1232999	1275503	42504	
"Греция"	325778	287916	287177	158357	483288	466178	512509	757439	735458	736730	799552	735860	709563	746093	778071	864059	834473	970155	944542	1137229	2719879	1582650	
"Оман"	-56773	-61793	-93973	-133220	-104192	506377	436046	459586	667751	574200	756683	683599	415185	273025	703712	710200	655364	862253	1079934	977557	1076095	98538	
"Малайзия"	-480266	-454106	-569807	-707167	-783039	-524522	-929332	-762880	-576974	-65092	-691077	-680492	482830	602926	286290	122732	-1062696	3323885	2616212	807702	5960831	5153129	
"Новая Зеландия"	515466	555809	740082	849487	744657	375483	642982	906946	581420	571579	609100	512687	437306	536384	575864	521619	410714	584781	560969	572513	950253	377740	
"Австрия"	36954	281857	249012	215005	406784	672962	391997	169907	239324	571623	679542	705832	660054	418511	323577	186880	346813	36050	-273783	553621	5339766	4786145	
"Индия"	-35719	-99658	-320142	-402341	-342919	-438348	-735509	-1411565	-1502290	-1099636	-968409	-928060	-639901	-495164	-336285	644012	1631547	3384615	2363771	464073	7334808	6870735	
"Иран (Исламская Республика)"	-125469	-111857	175688	-452910	-228408	-308189	-197611	16770	-70221	171560	-44506	-80522	-28329	29175	-43974	-133491	65177	467967	801084	460411	578769	118358	
"Аргентина"	279661	321029	303176	337547	543970	388977	468232	500858	414105	399112	312704	253910	353612	448325	406109	407209	194587	193332	251401	400531	820296	419765	
"Колумбия"	-47665	-68963	-112067	-85329	-108950	-71833	-118080	-162083	-191532	-164111	-216466	-184076	-124928	-173318	-158108	-31028	-28851	-42035	6492	328039	842581	514542	
"Казахстан"	-71680	-94981	-172126	-244270	-8930	32464	248094	367973	289883	247960	150156	194988	166179	295873	362536	265710	211494	426234	418998	247421	578046	330625	
"Польша"	-423224	-511192	-767089	-1114051	-954660	-571442	-957175	-1450379	-1069814	-1103878	-1060511	-904675	-920641	-1080292	-1327496	-709878	-851224	-1411004	-1235128	225626	5356521	5130895	
"Бельгия"	-84216	-238220	-351540	-587714	-250090	-123825	-250050	-517323	-343581	-32359	-39417	79513	173440	22891	75384	121303	54847	108720	54255	224133	3794629	3570496	
"Венесуэла (Боливарианская Республика)"	1011908	978565	965110	860607	752225	312793	559480	-21966	-129062	-107541	122972	117542	179890	303828	213882	57531	34526	117782	343557	210738	262286	51548	
"Саудовская Аравия"	-501631	-555579	-583436	-742753	-909089	-804708	-900439	-1364256	-1649180	-1317258	-302211	-174959	555488	801364	929969	777610	457911	913650	1106405	198325	1920065	1721740	
"Испания"	-751195	-425942	-680790	-1169352	-437086	119512	196487	294517	535750	539929	558723	585094	438760	547238	275195	52010	-28390	543224	19511	196286	5220952	5024666	
"Италия"	79844	303090	-364565	-822163	62094	1094905	165003	-184708	721242	561291	439129	145708	395580	139720	142616	272222	918687	-99837	-1172730	174183	8692176	8517993	
"Таджикистан"											226433	213889	199528	190360	187783	169186	127124	121451	137981	116846	148352	31506	
"Словения"	219358	200587	298341	298183	227516	141493	96512	230047	268661	246270	220270	236075	236213	211984	230560	202186	157104	60530	18660	84343	1580948	1496605	
"Люксембург"	58692	61425	61807	91633	60728	103301	58053	23254	-3934	7958	-3106	-8313	-17319	-13542	-54228	12479	5991	-21066	-6728	63392	573247	509855	
"Нигерия"			-454141	-547724	-273678	-391370	-34021	-411608	-292610	-316122	-363710	-289270	-252997	-181863	-124342	-172707	-297053	-151859	-45182	57862	280453	222591	
"Азербайджан"	38030	40455	54440	49089	94210	-25648	-43614	-44587	43516	39604	30166	15229	26221	46132	25518	35020	20643	74429	46900	55642	195182	139540	
"Гана"	-40863	-14302	3977	-57246	-24594	-22849	35220	9343	-32453	-51911	-31817	-34767	-61041	-47937	-10178	8101		-8725	82018	47349	129283	81934	
"Беларусь"	-133395	-88411	-125344	-141662	-159291	-101990	-139451	-152343	-168156	-176631	-151340	-118010	-121475	-159267	-171674	-147003	-116740	-170074	41041	9487	71271	61784	
"Дания"	-54629	-114214	-180409	-132544	-209550	17015	19269	-24251	4411	584	-23359	-94332	-97297	-148424	-142953	-117856	-12226	-163029	-282272	840	1801458	1800618	
"Египет"	89588	86775	49267	147316	303167	210193	241651	384381	355589	307326	228228	13495	16079	122492	11936	-154208	-97087	-23507	-240833	790	700706	699916	
"Токелау"	-404	-368	-266	-339	-2700	-27	32	-27	77	790	752	552	35	52	440	308	240	963	214	7	36	29	
"Западная Сахара"	9	3	2	215	313	-6	3	3										-1		-1		1	
"Остров Норфолк"	-154	-88	-47	-251	-310	-355	-340	-151	-538	-142	-176	-82	-177	-89	-65	-99	-4	-58	-319	-48	53	101	
"Ниуэ"	-204	-200	-119	-64	-239	-3624	2143	-113	-118	91	-97	-83	-184	-176	-191	-91	-52	-87	7	-85	32	117	
"Питкэрн"	-53	-19		-55	-27	-3		-216	2	-2	-1	-5		-316		-165	160	-23	498	-89		89	
"Северные Марианские острова"	74	45	-10220	113	-30	4	81	-10	3	-74	-53	-216	24	-2	520	-243	-283	13	-15	-109	274	383	
"Южные земли (французская заморская территория)"	-13	-64	-100	-328	-292	-434	-47	-381	-95	-52	-81	-33	-71	-66	1164	-132	-62	-34	338	-131	1	132	
"Острова Уоллис и Футуна"	-263	-293	-273	-368	-786	-254	-380	-391	-431	-414	-294	-474	-143	-97	-144	-185	-179	-119	-155	-174		174	
"Остров Святой Елены"	-298	-642	-671	-69	-200	61	-113	223	-1130	-955	195	-236	-228	-288	-114	-63	-62	-376	-165	-187		187	
"Фолклендские (Мальвинские) острова"	1784	-3	-33	-34	146	-373	-1837	-142	-325	-1990	-712	-573	-426	-1134	-299	-280	-242	-656	-512	-207	42	249	
"Американское Самоа"									-4	-1	-3	-45	0	55	-10	-63	18	-47	-4	-330	1	331	
"Кирибати"		-418		703	92	-281	-148	-198	-256	-243	-355	-278	-327	-457	-380		-797	-357	-204	-444	90	534	
"Науру"	176	-66	25	-27	203	89	35	28	-23	-131	-100	-718	-170	-302	-279	-136	-366	-393	-344	-444	3	447	
"Микронезия (Федеративные Штаты)"	-643	-717	-1019	-701	-673	-1003	-703	-732	-1412	-827	-109	-490	-250	-417	153	-209	-430	-360	-848	-495	191	686	
"Тувалу"	-92	-3	-10	-20	-52	259	-5	-54	-41	28	-547	-230	-245	-130	-182	-359	-95	-140	-384	-518	2	520	
"Кокосовых (Килинг) островов"	-105	-131	-72	-69	-112	786	-220	-383	-93	-82	-27	-74	-57	-209	-68	-112	9	-267	-128	-535	4	539	
"Сен-Пьер и Микелон"	-194	-325	-375	-358	-211	-325	-145	-226	-354	-275	-461	-628	-284	-511	-296	-501	-378	-623	-864	-570	4	574	
"Монтсеррат"	-481	-601	-407	-418	-564	-531			-438	-599	-427	-2052	-638	-366	-866	-796	-351		-699	-707	2	709	
"Сан-Томе и Принсипи"	-293	-182	-650	-661	-972	-585	-768	-666	-722	-1067	-1153	-1596	-1667	-1081	-1464	-777	-782	-1047	-1106	-712	3	715	
"Палау"									-501		-738	-1196	-892	-1410	-913	-691	-1300	-318	-877	-849	160	1009	
"Ангилья"	-516	-256	-241	-991	-1436	-1116	-370	-918	-1080	97	-1202	-1402	-922	-992	-2698	-989	-511	-2128	-1223	-1191	2	1193	
"Острова Кука"		-1078	-946	-1257	-860	-1435	-835	-1007	-675	-953	-1338	-978	-1246	-2015	-2086	-1678	-841	-1088	-921	-1405	83	1488	
"остров Рождества"	-132	-509	-422	-130	-199	-112	-1201	-516	-425	-651	-588	-223	-150	-251	-86	-117	-272	-924	-513	-1422	8	1430	
"Гвинея-Бисау"	-147	-104								-143	-178	-413	-492	-424	-326	-1288	-1681	-1926	-4018	-1782	463	2245	
"Эритрея"	-1940	-1563	-1051	-1647	-1291	-1848	-1536	-3497	-2233	-1653	-5179	-1267	-2209	-1411	-1936	-946	-254	-808	-518	-2292		2292	
"Маршалловы Острова"	-481	-1214	-1024	-1153	-1253	-939	-1266	-1842	-1207	-1172	-694	-1682	-2165	-3650	-920	-1376	-3464	-1681	-1222	-2354	99	2453	
"Бурунди"	-1096	-765	-1262	-2838	-1392	-847	-1076	-3355	-3304	1813	-1814	-2845	-1280	-1681	-1323	-2729	-3697	-3817	-2663	-2496	289	2785	
"Гуам"										-1		-75	-2	-74	-113	-30	-4	-191	-215	-2509	8	2517	
"Бонайре, Синт-Эстатиус и Саба"									-3	-1018	-767	-1372	-1356	-2621	-4090	-4185	-3757	-1721	-2091	-2517	121	2638	
"Сент-Китс и Невис"	-2000	-2623	-3570	-3610	-2962	-3115	-3106	-3838	-2231	-2419	-2533	-3454	-4157	-2970	-3159	-2843	-2403	-2531	-3534	-2625	136	2761	
"Корейская Народно-Демократическая Республика"	3063	5917	410	-6592	6245	5114	-2988	-26372	-9660	11657	-15225	-23334	-24677	-26238	1390	1340	1959	3701	-1193	-2709	580	3289	
"Вануату"			-1702	-1895		-2215	-2157	-2318	-1698	-1208	-1411	-3398	-2531	-1971	-1894	-1986	-1369	-2177	-2532	-2717	114	2831	
"Сент-Винсент и Гренадины"	-1757	-2089	-2397	-2651	-1954	-2042	-2878	-2354	-4046	-2788	-1345	-2045	-1893	-1509	-1025	-868	-1470	-1247	-2648	-2741	1484	4225	
"Чад"	-742	-1481	-2267	-1684	-3079	-3025	-6216	-3546	-3454	-13745	-11542	-8512	-5236	-2167	-3620	-4380	-3358	-2912	-3807	-2826	86	2912	
"Тонга"					-1283	-1126	-1346	-1429	-1173	-1124	-1308			-1913	-1372	-2307	-1978	-2104	-2081	-2852	4	2856	
"Самоа"	-2267	-2541	-2514	-2208	-2053	-1628	-3950	-2371	-2635	-3103	-3024	-4291	-3748	-3194	-2836	-3762	-2542	-2511	-2107	-3038	22	3060	
"Доминика"	-1709	-1940	-1608	-2373	-1935	-2071	-2033	-1569	-2169	-1508			-2021	-2003	-4730	-7308	-3265	-2903	-2294	-3233	51	3284	
"Тимор-Лешти"	-307	-135								-1194				-1785	-999	-1884	-1565	-1759	-3702	-3503	87	3590	
"Синт-Мартен (нидерландская часть)"								-1308	-967	-1401	-1540	-700	-887	-2630	-4817	-2359	-1980	-3227	-2105	-3639	17	3656	
"Гамбия"	-580	-1560	-603	-1866	-2478	-2235	-2336	-1316	-2612	-464	-1421	-2248	-393	-983	-739	-1072	-2404	-1368	-6467	-3766	95	3861	
"Коморские Острова"	-424	-754		-554	-651	-794	493	-828	-905	-840	-988	-900	-801	-911	-1173	-917	-838	553	-1524	-3812	222	4034	
"Сент-Люсия"	-1978	-1966	-4729	-2955	-3684				-4554	-3197	-3403	-3764	-4791	-5264	-3797	-4769	-3025	-3032	-5341	-3999	502	4501	
"Южный Судан"									-1261	-1649	-4005	-1547	-1257	-1239	-1219	-1574	-1690	-1172	-3828	-4544	5	4549	
"Сьерра-Леоне"											-6585	-2118	-3601	-2899	-4185	-10047	-7938	-15307	-15697	-4919	9299	14218	
"Гренада"	-2968	-6628	-5954	-5384	-3607		-2473	-2453	-1799	-2966	-2256	-2638	-1981	-4077	-6746	-6013	-2867	-5117	-5244	-5343	9	5352	
"Центральноафриканская Республика"			0	-2698	-2640	-2796	-3287	-3962	-1980	-1189	-2395	-2427	-4403	-2730	-2214	-5879	-2314	-3660	-3060	-5478	65	5543	
"Гибралтар"	-3776	-5694	-5061	-8996	-13098	-8394	-5034	-5220	-1921	-2560	-3702	-6776	-5746	-4682	-6354	-6893	-3651	-3615	-6868	-5488	291	5779	
"Гаити"										-12297	-12986	-13107	-13171	-11686	-10549	-7688	-8973	-20999	-11169	-5522	4272	9794	
"Кабо-Верде"	-2908	-3942	-4402	-5779	-7658	-6405	-7560	-5933	-4780	-4482	-6751	-4237	-5674	-6741	-7883	-9844	-6746	-5342	-5078	-5934		5934	
"Фарерские острова"	-4420	-4557	-6102	-7720	-7114	-5528	-4090	-3963	-5133	-5909	-6528	-6320	-7459	-7435	-8462	-8341	-7253	-7043	-6481	-6303	335	6638	
"Джибути"						-3638												-5749	-2439	-6739	9186	15925	
"Экваториальная Гвинея"	-3465	-2974	-5491	-9239	-38838	-9739	-20012	-25534	-18506	-29023	-34068	-20560	-19699	-10346	-6156	-4533	-7520	-6166	-9218	-6769	2692	9461	
"Йемен"	-29307	-76448	-25981	-40119	-44310	-40018	-38239	-34332	-45436	-59580	-63112	-23618	-26173	-20939	-48325	-83123	-98074	-97866	-84589	-6942	34019	40961	
"Британская территория в Индийском океане"	35	-45		3	360	-3	-157	-35	-476	-22	-13	-14	-186	-64	-176	-276	-312	-3358	-8275	-7147	1	7148	
"Бермудские острова"									-8058	-6078	-5204	-5355	-4997	-5187	-8577	-8906	-5895	-5686	-6776	-7297	10	7307	
"Эсватини"	-6269	-4236	-2204	-2688	-1687	-2843	-4947	-4655	-3306	-4206	-6601	-5538	-7450	-8633	-7405	-6889	-5679	-7419	-6209	-7321	276	7597	
"Лесото"		-809	-1447	-3429	-1116	-1618	-2739	-3989	-4178	-3751	-2857	-4854	-4819	-6243	-807	-3918	-5131	-5658	-8060	-7462	666	8128	
"Гренландия"	-2133	-4714	-11242	-7693	-8295	-7068	-7263	-6255	-6029	-6878	-5255	-4483	-4911	-5150	-5726	-5347	-6413	-6642	-6949	-7478	45	7523	
"Зоны Свободной Торговли"	-36844	-52504	-80614	-79654	-61133	-31225	-653	-18864	50753	87363	81380	65062	47577	-47862	-61397	-5688	-2489	-44	4876	-8124	5206	13330	
"Суда и бункеры"	-4660	-1104	-1887	350	-3117	-1412	-2542	-1986	-11281	-1119	-378	-999	-1551	-2758	-14487	-9186	-4255	-3409	1691	-9120	10	9130	
"Соломоновы Острова"	-1045	-1253	-2601	-3981	-4378	-2379	-5911	-7464	-5874	-6447	-6691	-6412	-5411	-3497	-5841	-3488	-4487	-6560	-5813	-9901	1378	11279	
"Барбадос"	-8912	-8932	-10590	-7931	-9014	-6575	-5134	-7158	-6509	-7837	-7122	-7269	-6660	-6396	-5639	-6472	-7694	-8968	-18644	-10466	7430	17896	
"Антигуа и Барбуда"		-4838		-6798		-4667	-2876	-3046	-2619	-3493	-3548	-2943	-5375	-5271	-6711	-8481	-6433	-6199	-8283	-10543	184	10727	
"Кюрасао"														-10081	-11188	-8417	-6517	-7854	-11464	-10715	3424	14139	
"Албания"	-29002	-38698	-44172	-53834	-64871	-58340	-40599	-42133	-33396	-28024	-25864	-19793	-11870	-12237	-16237	-25500	-22230	-21357	-19785	-10838	126768	137606	
"Бутан"		-3126	-1398	-2257	-2189	-3727	-6258	-4864	-6362				-5979	-6939	-3413	-4157	-4253	-9005	-10265	-11042	9	11051	
"Бруней-Даруссалам"	-8507	-7790	-11713	-12866	-17039	-16487	-18447	-17257	-26085	-26671	-21934	-24001	-13891	-16539	-33821	-10371	-10224	-8651	-16933	-11206	3020	14226	
"Судан"									-37643	-42920	-46057	-54176	-50023	-47105	-41630	-50661	-47318	-39338	-45411	-11351	4683	16034	
"Либерия"														-5810	-5804	-7455	-4662	-8670	-12015	-11476	4	11480	
"Босния и Герцеговина"	142182	217591	290749	288466	320635	145046	269393	311868	276084	253024	228786	192382	166368	205233	214131	75880	-4652	54290	13161	-11534	474090	485624	
"Гайана"	-2045	-3996	-1788	-3428	-4969	-4142	-3304	-3735	-5062	-6767	-4586	-5928	-4962	-7168	-7354	-6842	-10691	-8637	-12635	-13255	504	13759	
"Бенин"	-2615	-3133	-3274	-5181	-3662	-3320	-3736	-5433	-5039	-6217	-6498	-7522	-6811	-8706	-9917	-9601	-14255	-22327	-26460	-13373	1912	15285	
"Белиз"	-2253	-2305	-4172	-3836	-3987	-3466	-3336	-2960	-2963	-3856	-5048	-5448	-7671	-7049	-7372	-9796	-8107	-10644	-16428	-13382	85	13467	
"Суринам"	-3256	-4733		-5376		-8501	-8022	-7849	-9293	-10138	-16740	-7809	-10905	-7026	-4966	-5843	-6736	-7036	-11967	-13679	1281	14960	
"Швеция"	284531	262111	238081	54673	116651	78296	148173	170965	284777	258934	103147	88709	20905	-3352	-71638	-28065	-86105	-144519	-142846	-13807	2124720	2138527	
"Сейшельские Острова"	-2287	-2931	-3548		-5293	-22506	-10734	-5018	-6535	-4514	-4557	-5779	-5908	-16535	-7207	-6913	-6264	-5120	-9460	-13977	592	14569	
"Мавритания"	-322	-778		-1143	-778	-635	-722	-1672	-2003	-1906	-1615	-3211	-3007	-6025	-4198	-17707	-13783	-2868	-12663	-14441	633	15074	
"Аруба"		-9760	-13967	-12889	-10729	-9715	-9006	-9606	-11378	-8627	-8391	-11817	-13462	-9565	-6851	-10406	-8589	-9030	-12873	-14593	1124	15717	
"Французская Полинезия"	-15710	-18021	-14752	-17693	-18993	-16165	-17776	-15345	-15741	-16638	-14798	-14219	-13904	-15574	-18116	-18132	-15339	-19763	-24009	-15101	227	15328	
"Острова Теркс и Кайкос"	-5925							-2921	-2973	-1540	-2910	-1126	-3409	-5472	-7901	-6180	-7924	-7428	-11313	-15377	169	15546	
"Камерун"	106497	114653	154127	177793	176182	70837	96686	80821	55126	69572	136845	122956	82557	109567	104345	55545	68061	40086	25540	-15549	96224	111773	
"Черногория"			301098	315816	217053	128031	149894	231031	143795	83579	71854	56116	42933	49546	47137	34250	32781	49182	24498	-15769	84465	100234	
"Малави"	-2483	-2347	-2989	-2670	-4247	-8917	-6442	-8531	-11571	-6569	-9141	-4702	-12266	-9243	-8090	-10778	-11751	-7507	-3167	-15830	796	16626	
"Андорра"	-10266		-12146	-13045	-12920	-9717	-8579	-7928	-7257	-5638	-6461	-4445	-6153	-6903	-7597	-8654	-7637	-9791	-15364	-16246	574	16820	
"Новая Каледония"	-15740	-17961	-24091	-19436	-23570	-21226	-24094	-25487	-23537	-18115	-23226	-22253	-17218	-16353	-16524	-15044	-14612	-16233	-16721	-16471	1359	17830	
"Мадагаскар"	-5453	-6574	-6220	-8619	-14576	-8297	-9484	-8510	-7216	-6818	-9666	-9226	-10228	-13067	-17543	-16466	-13382	-13583	-15127	-16591	401	16992	
"Руанда"	-3425	-3139	-4875	-4096	-9972	-5963	-9419	-13511	-10071	-15065	-18344	-17049	-18322	-24525	-16539	-23722	-26166	-21866	-20249	-16763	2262	19025	
"Британские Виргинские острова"	-46352	-26459	-24226	-7136	-11453	-3895	-12253	-12089	-7864	-3409	-6176	-6650	-5762	-9135	-23318	-15814	-10815	-17347	-22014	-18353	133	18486	
"Конго"				-10748	-8015	-10900	-8462	-16811	-18776	-19374	-29868	-29101	-23968	-19095	-26271	-10494	-8612	-12779	-11555	-18999	8564	27563	
"Сомали"	-604	-7805	-1626	-3051	-2414	-2394	-3018	-2477	-8127	-7288	-8123	-12030	-12672	-10619	-15027	-15870	-16404	-20918	-27966	-19124	906	20030	
"Мали"	-5291	-3537	-5986	-8351	-11158		-16020	-9062	-6567				-10218	-12169	-19497	-13664	-23590	-20386	-13302	-19384	1147	20531	
"Того"	-437	-396		-1297	620	4718	2636	5998	4211	-3539	-3293	-33277	-17269	-14137	-15369	-16919	-16582	-26111	-25797	-19460	6910	26370	
"Габон"	-11814	-15473	-15062	-22519	-21905	-20020	-20589	-32424	-21881	-22913	-20830	-22225	-28280	-14510	-16355	-15864	-14511	-19781	-19684	-20439	1734	22173	
"Намибия"	-6531	-10058	-14165	-15478	-33460	-41877	-23054	-22496	-37732	-27956	-30989	-35914	-46574	-27807	-24086	-23652	-16760	-33651	-35517	-20517	5238	25755	
"Сирийская Арабская Республика"	-380021	-90348	-114797	-167926	-74338	-136526	-122516	-76077	-29449	-13905	-29453	-41039	-27897	-38131	-52109	-41274	-28147	-26898	-22511	-20941	3371	24312	
"Кайман острова"																	-13588	-21868	-25631	-21628	818	22446	
"Нигер"	-465	-1078	-857	-892	-407	-1325	-2886	-2421	-2041	-6004	-2296	-6280	-4348	-9343	-8928	-24170	-8840	-5323	-9979	-22236	6	22242	
"Гондурас"	-20886	-20526	-36551	-34813	-24823	-25594	-11280	-31939	-24603	-43773	-15963	-44327	-47338	-33560	-48562	-60554	-20494	-75127		-22465	64645	87110	
"Фиджи"	-7265	-8768	-10104	-13570	-11326	-10949	-9716	-9835	-9902	-11247	-13811	-13845	-16477	-15450	-18131	-15503	-13600	-12561	-21968	-23234	352	23586	
"Ботсвана"	-13352	-12224	-13846	-14347	-17623	-14913	-22294	-25515	-18502	-18688	-18395	-17208	-21648	-20233	-16733	-33086	-18903	-23169	-26885	-24522	4539	29061	
"Буркина-Фасо"	-3951	-3609	-3013	-4818	-5114	-6187	-5752	-8066	-6042	-11116	-8126	-5121	-6708	-8286	-7958	-9892	-9469	-13014	-19397	-27097	2532	29629	
"Республика Молдова"	-5472	-7705	-11840	-15846	-25429	-16917	-17943	-19894	-19579	-20756	-19754	-15601	-16795	-21165	-26390	-27867	-24331	-23633	-28531	-27813	12273	40086	
"Монголия"	-2280	-1727	-1040	-9394			-10558	-17955	-22019	-26288	-29808	-47299	-13974	-18266	-33025	-18646	-18727	-23605	-34716	-28957	10109	39066	
"Иордания"	-45532	-39458	-64400	-55911	-30949	9921	9258	-55634	-71908	-84153	-47157	-78184	-38087	-29752	-69323	-92275	-51999	-7811	12654	-31087	195573	226660	
"Афганистан"					-11095	-6953	-12576	-17004	-65154	-72893	-32743	-19800	-28854	-114727	-24060	-53640	-60907	-56866	-66277	-31605	5940	37545	
"Зимбабве"	-7923	-4981	-3668	-3773	-2383	-3883	-11295	-13476	-15568	-9168	-13689	-12882	-15941	-17040	-27243	-13487	-24470	-35975	-36168	-32354	2367	34721	
"Армения"	11135	-4432	-22422	-19740	-42388	-59292	-32402	-9722	-2759	5714	5794	1022	9081	7941	153	-8395	2691	16495	-19185	-34175	104450	138625	
"Мальдивские Острова"	-2632	-4706	-3872	-4730	-6511	-3613	-4130	-7567	-9733	-7145	-8219	-10492	-19991	-21454	-31363	-42838	-16509	-24779	-25064	-34401	129	34530	
"Латвия"	11743	24414	-14163	-16519	-15642	-5877	6492	22744	13888	-11688	-835	-127	6401	6728	19629	13944	25255	-37308	-36110	-35632	114751	150383	
"Уганда"	-10089	-9600	-11682	-13650	-15868	-14948	-17509	-26702	-24450	-21545	-25609	-17565	-16007	-24732	-24040	-23304	-29056	-33703	-33224	-36748	11651	48399	
"Тринидад и Тобаго"	-22542	-22709	-30338	-47172	-45085	-37075	-19486	-31916	-36255	-36698	-38009	-44811	-31966	-37046	-35365	-36496	-31773	-32905	-47715	-39289	6710	45999	
"Ливан"	-35009	-37660	-32139	-35945	-50484	-64066	-83642	-93180	-103373	-132218	-132618	-132463	-125269	-136341	-117910	-79514	-5141	-7695	-21905	-40129	56383	96512	
"Маврикий"	-10584	-11896	-12882	-20767	-23889	-20357	-25832	-32602	-54219	-38964	-33925	-31922	-32251	-35561	-43390	-44525	-35452	-47189	-58575	-40898	16039	56937	
"Гвинея"	-3939	-3401	-3120	-3764	-4885	-4482	-4629	-5732	-5632	-8933	-11015	-8201	-8628	-21181	-23469	-31624	-45801	-43950	-44929	-42595	22033	64628	
"Никарагуа"	-10365	-9427	-12507	-16142	-16486	-16775	-18594	-24936	-28968	-36661	-34533	-36008	-36161	-42715	-30714	-32974	-32632	-47570	-51091	-42775	6179	48954	
"Куба"	-49340	-91390	-102369										-98646	-93649	-99904	-97751	-50909	-47587	-53728	-44606	9025	53631	
"Шри-Ланка"	-31942	-38349	-51355	-48760	-56727	-48490	-57963	-78464	-77845	-109289	-90743	-80748	-92306	-88859		-97312	-74025	-123324	-75189	-45181	56452	101633	
"Папуа-Новая Гвинея"	-14435							-50809	-63176							-74195	-45479	-72180	-60392	-46867	11117	57984	
"Внешние малые острова Соединенных Штатов"	-2716	-3463	-3606	-4541	-4214	-3977	-3254	-4587	-3837	-2657	-4141	-3525	-4482	-3872	-6926	-4897	-3462	-2879	-56754	-47241	3815	51056	
"Демократическая Республика Конго"												-21053	-17366	-13640	-10963	-11183	-11567	-19522	-45048	-47365	5075	52440	
"Ангола"	-58791	-64917	-66847	-79109		-155403	-107888	-114409	-205163	-149038	-131301	-86037	-49760	-105409	-89346	-98530	-39798	-44898	-81762	-47519	39967	87486	
"Лаосская Народно-Демократическая Республика"							-4798	-10378	-10425	-10320	-14805	-15904	-19316	-17046	-16611	-20269	-21401	-29380	-54747	-49954	6193	56147	
"Мальта"	-18830	-18760	-21466	-25824	-32035	-24622	-24180	-24752	-19948	-21670	-21408	-17046	-23132	-19846	-21587	-25848	-25488	-31742	-35497	-51473	3529	55002	
"Багамские Острова"	-27389	-44179	-52571	-45547	-35935	-38373	-33772	-36673	-40779	-50619	-48887	-35565	-41336	-54169	-44158	-48178	-30251	-38593	-58591	-51513	1588	53101	
"Сенегал"	-11426	-10362	-11659	-11717	-15978	-19038	-9898	-11032	-21184	-21062	-25184	-22664	-27454	-49692	-45786	-79222	-50679	-51966	-57839	-51656	12941	64597	
"Государство Палестина"				-17310	-20920	-17623	-17528	-25642	-22029	-33367	-35649	-30829	-33909	-39209	-42568	-48360	-49911	-65894	-85098	-52470	1314	53784	
"Замбия"	-6475	-10184	-3486	-15840	-14202	-10590	-18596	-29995	-21946	-57756	-63673	-28094	-24488	-25175	-37957	-42756	-27646	-44117	-36751	-52869	9317	62186	
"Китай, Специальный административный район Макао"	-16400	-4614	-28440	-16429	-31211	-16158	-7277	-8094	-6711	-5816	-16750	-41534	-19617	-9128	-10745	-15041	-12654	-10727	-15735	-53513	2492	56005	
"Литва"	-30133	-39282	-57665	-85893	-82117	-24591	-13476	-16957	-1112	-18968	-31448	-30413	-27473	-19207	-28494	-15899	26691	-28145	-56766	-54560	326101	380661	
"Мьянма"							-18366	-44060	-52577	-73738	-117065	-149536	-129199	-100567	-105593	-97242	-73886	-24133	-45046	-55086	58813	113899	
"Кыргызстан"	690	-55	305	-1851	-4824	-5953	-6177	-4975	-30103	-50180	-26575	-17901	-13411	-30253	-12528	-13700	-17423	-23907	-50355	-55356	13029	68385	
"Ямайка"	-24619	-35323	-26653	-32856	-33475	-24948	-23510	-25944	-21728	-25442	-23239	-28222	-29463	-31761	-37888	-38510	-36324	-43416	-55942	-56388	843	57231	
"Эквадор"	-38502	-29691	-19903	-61447	-80393	-75019	-92094	-101966	-96076	-96502	-95124	-72657	-96894	-72078	-56633	-57612	-33531	-60651	-18549	-58772	108784	167556	
"Кипр"	-48899	-49637	-61279	-69903	-86870	-61171	-62800	-57452	-40785	-30417	-25742	-24932	-23844	-37625	-46111	-47583	-47455	-52799	-84874	-63714	21399	85113	
"Сальвадор"	-6136	-6654	-6020	-19822	-30242	-15588	-16913	-16656	-18629	-18646	-11580	-20772	-22242	-25927	-29435	-25111	-34517	-52696	-65311	-64879	71086	135965	
"Кот-д'Ивуар"	-17715	-17173	-18504	-28836	-26154	-23020	-22234	-19220	-32148	-45814	-37986	-55906	-44422	-41692	-114977	-80741	-57138	-59564	-85663	-66814	2386	69200	
"Уругвай"	-8953	-11575	-7554	-9699	-25759	-23770	-38051	-41957	-37227	-44167	-40291	-42267	-31356	-41700	-54484	-43242	-41003	-58723	-58780	-69654	13119	82773	
"Парагвай"	-14333	-16200	-20728	-18703	-30082	-33673	-45728	-44673	-72219	-59110	-74318	-78616	-71318	-78841	-70582	-75427	-33900	-46329	-94600	-70463	98369	168832	
"Туркменистан"	-8681	-12914	-21223	-16937	-27220	-50285	-47340	-106619	-85669	-92394	-115492	-104028	-90627	-48390	-18066	-29992	-52344	-52220	-39757	-71132	632	71764	
"Кувейт"	-138646		-172082	-201139	-194417	-168986	-166698	-169469	-156831	-214731	-239009	-299772	-226482	-224873	-602630	-260201	-204219	-254459	-371935	-79044	81548	160592	
"Боливия (Многонациональное Государство)"	-13811	-18023	-18747	-23623	-32184	-25990	-25021	-34624	-37356	-57950	-49665	-56143	-70199	-66598	-73503	-92325	-72313	-83426	-75863	-80637	12279	92916	
"Кения"	-12363	-16718	-28561	-50592	-25179	-29341	-28293	-87273	-68414	-76274	-85101	-81533	-123495	-109914	-133094	-106490	-89399	-93007	-114966	-80729	30523	111252	
"Панама"	-21312	-29219	-24112	-36671	-59144	-56826	-75489	-65163	-80469	-81132	-96888	-100811	-97674	-116286	-97646	-66554	-22739	-71966	-92128	-80969	56030	136999	
"Коста-Рика"	-33191	-4845	-373	-24654	-26166	-9961	-20327	-53347	-49793	-34696	-39164	-95099	-51720	-71393	-62457	-61158	-53662	-80781	-123692	-81939	80902	162841	
"Ливия"				-36567	-58387	-106018	-143881					-77902	-13101	27032	-43411	-66176	-45324	-43298	-50489	-83244	75109	158353	
"Эфиопия"	-17261	-25408	-21973	-41373	-56590	-48521	-31513	-41618	-79530	-70957	-206526	-273501	-175022	-147367	-104918	-107129	-153072	-115465	-90714	-85048	494	85542	
"Непал"						-23375	-24329	-34788	-36751	-48457	-57261	-70311	-73604	-87098	-110283	-110166	-92778	-121931	-113876	-101743	850	102593	
"Эстония"	-40145	-52071	-79306	-75002	-47460	-21880	-897	-6267	-49990	-49247	-50214	-49579	-56724	-56951	-79262	-94019	-98871	-111613	-139939	-107370	128103	235473	
"Грузия"	6362	589	-5933	-10725	-25624	-14471	-15943	-35734	-45707	-26152	-37770	-30922	-38397	-40769	-45831	-53117	-50309	-61488	-95639	-114712	21909	136621	
"Хорватия"	-67330	-80970	-97483	-97854	-97537	-47167	-32357	-33523	10055	-13077	-6686	-13669	-60086	10730	-35512	-21836	-19948	-93114	-197985	-121189	728314	849503	
"Северная Македония"	-12993	-15494	-21541	-38349	-43408	-31405	-27583	-40556	-36429	-37693	-35840	-33514	-38414	-43997	-57157	-64833	-59873	-89159	-132285	-125098	29821	154919	
"Гватемала"	-67599	-81521	-76814	-67894	-66064	-49508	-50439	-59727	-67423	-89366	-83810	-115577	-102465	-49445	-62931	-86894	-66997	-126825	-191447	-127178	128012	255190	
"Филиппины"	-157131	-169821	-176676	-183747	-188375	-149679	-192395	-325261	-223261	-254634	-309597	-360826	-287722	-315368	-347022	-319191	-128206	-188769	-209915	-127633	417326	544959	
"Объединенная Республика Танзания"	-11422	-12029	-16927	-32628	-70394	-28326	-33998	-36157	-33545	-48008	-123869	-60302	-47446	-40459	-53021	-72908	-78787	-83045	-130755	-168468	12040	180508	
"Пакистан"	-120352	-159387	-190354	-227513	-155415	-159968	-180255	-172798	-159166	-160623	-212127	-274999	-313676	-349005	-347984	-301694	-291055	-247831	-343159	-173358	151443	324801	
"Доминиканская Республика"	-29210	-44899	-102242	-77808	-61888	-61838	-53750	-79590	-41582	-62223	-66866	-96880	-113921	-105522	-126252	-126149	-112722	-158787	-238152	-179407	135828	315235	
"Финляндия"	-108363	-131040	-186423	-263908	-228904	-126501	-175672	-212530	-152544	-104124	-69670	-82113	-70056	-75552	-107636	-59793	-52020	-141981	-287260	-183457	529671	713128	
"Болгария"	-62462	-90379	-137624	-181891	-143269	-115322	-82584	-99972	-99468	-83535	-44651	-89035	-82341	-99554	-105556	-89228	-65762	-106777	-173622	-185956	648145	834101	
"Тунис"	-51209	-52893	-55197	-49446	-53416	-68359	-84220	-116998	-120331	-126717	-138356	-124848	-109409	-137103	-162073	-150417	-117114	-135626	-216284	-189086	143645	332731	
"Перу"	-35257	-42915	-51177	-95386	-113466	-99338	-143363	-181753	-221998	-166741	-165733	-217288	-138381	-136318	-159256	-180702	-183453	-239186	-269583	-201905	53384	255289	
"Сингапур"	-471615	-632494	-1209575	-303189	-959849	-981467	-607919	-973168	-366930	-384127	-261132	-570114	-359805	-426495	-302684	-533815	-719381	-50181	-404461	-203080	944678	1147758	
"Сербия"			-71831	-52743	-95143	-20495	-9487	40944	-20581	-619	9680	-18978	-62536	-92334	-115412	-120271	-160793	-214135	-253009	-208840	603144	811984	
"Узбекистан"														-105258	-152821	-207554	-223446	-248779	-410949	-223033	43836	266869	
"Китай, Специальный административный район Гонконг"	-167879	-134323	-154685	-85303	-70815	-69243	-112478	-112675	-112558	-130371	-153602	-206767	-164730	-221582	-222926	-278498	-234211	-86832	58596	-239720	1413501	1653221	
"Португалия"	-353341	-366632	-410144	-445066	-474233	-194364	-294860	-260754	-81303	-92237	-47931	-109727	-78273	-79570	-109158	-121714	-50210	-234440	-355118	-251951	1062648	1314599	
"Словакия"	174562	195414	419868	405215	280323	289692	246800	252654	372392	314293	270674	305882	209367	264127	353880	310842	137473	138065	-1286	-265028	1443190	1708218	
"Украина"	324703	94011	131086	70712	-23748	-75880	-203978	-305731	-345992	-328201	-237387	-142563	-181349	-239417	-264762	-301349	-268325	-342163	-242254	-269311	97739	367050	
"Румыния"	176713	207893	326549	231268	169768	85787	153136	301572	315474	243595	180891	140901	88136	57417	35627	69335	6891	-39481	-363033	-299667	1736381	2036048	
"Чили"	-141633	-148767	-192953	-231429	-264625	-212577	-269969	-274446	-300526	-280704	-287865	-305806	-304893	-248768	-275351	-305151	-285986	-502265	-497190	-302971	166242	469213	
"Бразилия"	1442844	1396337	2163231	2089079	1757016	1021138	532835	46816	103947	-124329	-861944	-682171	-317937	-419230	-1059972	-1149632	-907649	-1588229	-976043	-405790	1497097	1902887	
"Китайский Тайбэй"	-931195	-786429	-1112630	-970116	-1102266	-347660	-899135	-936109	-652040	-728994	-882065	-616676	-421408	-585437	-780672	-524864	-893475	-907733	-872050	-454437	1812776	2267213	
"Ирак"											-405292	-363405	-299903	-302923	-336647	-427119	-477324	-564250	-770219	-497206	36096	533302	
"Бангладеш"	-74232	-75002	-85278	-106658	-118672	-117690	-136223	-182821	-192103	-223082		-260874	-306764	-384778	-430539	-420441	-372566	-499890	-628787	-522782	43755	566537	
"Камбоджа"	-16366	-19491	-28324	-32485	-38577	-34906	-47136	-77152	-92437	-101670	-112266	-122230	-143648	-201273	-240779	-333386	-351440	-466975	-708344	-527834	87338	615172	
"Алжир"	-142038	-126038	-146076	-201518	-263029	-255908	-280026	-357229	-407870	-445226	-490575	-513627	-520084	-489683	-539645	-426918	-407318	-406483	-476722	-546147	2859	549006	
"Ирландия"	-238002	-304723	-362808	-453530	-465898	-333775	-266246	-309311	-280200	-295419	-300297	-208406	-192531	-173083	-192654	-263368	-257341	-278730	-395299	-596436	240871	837307	
"Израиль"	-117060	-142210	-189665	-248799	-254042	-170323	-244055	-290126	-244695	-338969	-345172	-327620	-341449	-332347	-415368	-464310	-503744	-698857	-900397	-610214	192554	802768	
"Марокко"	-109960	-136120	-205396	-235508	-288158	-232695	-234604	-320752	-275547	-315984	-337245	-301218	-282099	-326015	-384038	-449604	-416078	-590567	-809475	-753132	220141	973273	
"Чехия"	-297978	-319462	-557832	-715152	-802906	-403207	-557236	-696876	-501985	-540489	-619864	-713630	-589219	-783293	-918567	-784265	-569448	-916336	-1252582	-905879	2729484	3635363	
"Швейцария"	70999	25337	-310627	-428511	-478484	-357812	-341821	-525171	-600728	-660211	-783702	-659147	-607921	-661681	-795129	-824105	-678371	-921745	-1250731	-937953	2748476	3686429	
"Турция"	-311094	-356427	-563330	-733839	-767195	-203071	-571658	-973190	-732997	-962206	-1042651	-963457	-627800	-956839	-877373	-519788	-346801	-1419110	-975054	-975314	5317254	6292568	
"Венгрия"	-316445	86360	-182757	-339204	-403349	-184515	-340943	-418987	-285486	-313226	-418403	-503634	-427739	-577214	-694847	-593106	-596354	-905587	-1129413	-991660	1823193	2814853	
"Нидерланды"	304541	375286	-180318	-302142	58481	69368	-50438	-641758	-805817	-847421	-932552	-638916	-131050	-317634	-512841	-630467	-737662	-1127244	-1228647	-1096785	6438215	7535000	
"Индонезия"	5847	46959	188301	52998	-377783	-335259	-587875	-1026574	-1133053	-1084108	-991847	-930607	-1024240	-1319429	-1396954	-1364528	-805599	-1301595	-1525912	-1177841	822530	2000371	
"Вьетнам"	-326877	-324600	-470635	-611396	-661440	-632920	-909807	-1040988	-1029301	-1099186	-1190844	-1907462	-2250220	-2157607	-3567835	-2346777	-1825863	-2336710	-2984520	-1776821	1970349	3747170	
"Таиланд"	-881553	-1000925	-1265308	-1311266	-1529405	-772920	-1451552	-1688690	-1819700	-1831276	-1668088	-1662757	-1611950	-1880596	-2051210	-1677341	-1387843	-2238426	-2514416	-1896335	2708128	4604463	
"Франция"	-777241	-775831	-1198113	-1606515	-1471567	-961845	-1372906	-2216017	-1664644	-1750591	-1705065	-1539705	-1433783	-1526470	-1799176	-1747847	-1390649	-2107170	-2739911	-2020497	6502994	8523491	
"Соединенное Королевство Великобритании и Северной Ирландии"	-638327	-405369	-463778	-722478	-569991	-1516816	-1010909	-1540955	-1166784	-1868045	-2027310	-1970782	-1965345	-2273686	-2278730	-2235948	-1875634	-2162086	-2941074	-2637832	3327656	5965488	
"Германия"	613343	986157	172689	413812	402707	1448738	-2026621	-1504974	-1215857	-910466	-1243956	-1402164	-1395533	-1713544	-2003143	-917807	-211510	-2217572	-5343524	-3269900	19620604	22890504	
"Республика Корея"	-1667109	-2033490	-2885541	-3078233	-3007384	-1612264	-2803107	-3361056	-2989886	-3081170	-3349451	-3135403	-2838436	-3440490	-3303614	-2772912	-2136601	-3646054	-4132868	-3681953	4518035	8199988	
"Япония"	-4631652	-5162782	-7182623	-7441808	-7783564	-2809136	-5096126	-6394883	-5784947	-5370761	-6497852	-5714474	-4777088	-5992431	-6926223	-5814351	-4311377	-6551896	-7670846	-5869970	2339667	8209637	
"Мексика"	-1918845	-2083713	-2811048	-2995681	-2879680	-1955324	-2931180	-4317134	-4256488	-3804289	-4079308	-4273448	-3221051	-4529787	-5345381	-5296120	-4161547	-6239115	-8490782	-6871355	2624886	9496241	
"Соединенные Штаты Америки"	-6980851	-8387073	-9317678	-7480781	-6057330	-3640368	-4096239	-3230803	-3186122	-2625572	-4378332	-5820234	-6494836	-11789755	-11635037	-11304792	-9663688	-16705002	-22153697	-14018261	14277975	28296236	
"Сербия и Черногория"	83340	215955	192376																				
"Судан (до 2012)"	-17252	-30503	-41208	-67081	-83782	-79921	-74437	-59369															
"Нидерландские Антильские Острова"		-8579	-10535	-11201	-11523	-27704	-9196																
"Остров Майотта"	-1664	-1514	-2093	-2713	-4158	-3443	-3189	-2063	-2687	-4472													
"Остров Буве"				-7											4								
